epoch,time,train/box_loss,train/cls_loss,train/dfl_loss,metrics/precision(B),metrics/recall(B),metrics/mAP50(B),metrics/mAP50-95(B),val/box_loss,val/cls_loss,val/dfl_loss,lr/pg0,lr/pg1,lr/pg2
1,29.692,0.68582,4.13702,1.06175,0.08229,1,0.26313,0.24855,0.25485,4.34487,0.84697,7.644e-05,7.644e-05,7.644e-05
2,58.5111,0.61191,3.47954,1.07249,0.03717,1,0.29377,0.27627,0.32096,4.13159,0.85218,0.000158236,0.000158236,0.000158236
3,87.7614,0.65405,2.98809,1.08991,0.59479,0.28561,0.39857,0.37247,0.3671,3.87996,0.87779,0.000239489,0.000239489,0.000239489
4,117.305,0.65893,2.60238,1.09666,0.72633,0.17754,0.45016,0.42274,0.34652,3.79399,0.87294,0.000320198,0.000320198,0.000320198
5,148.562,0.63968,2.38014,1.06585,0.75122,0.42615,0.6106,0.55533,0.41946,3.32873,0.89397,0.000400364,0.000400364,0.000400364
6,178.509,0.69468,2.26291,1.17734,0.70308,0.73005,0.72002,0.66512,0.40357,2.80421,0.91813,0.000479987,0.000479987,0.000479987
7,208.566,0.66028,2.06254,1.08287,0.58764,0.77667,0.78631,0.69154,0.48112,2.64199,0.99472,0.000559067,0.000559067,0.000559067
8,238.4,0.62577,1.99325,1.06833,0.74598,0.67519,0.68028,0.61008,0.45055,2.87886,0.9371,0.000574417,0.000574417,0.000574417
9,268.521,0.73176,1.98295,1.2298,0.80469,0.81264,0.83597,0.74639,0.44256,2.39018,0.97725,0.000572477,0.000572477,0.000572477
10,299.682,0.60104,1.7433,1.04313,0.61476,0.77709,0.74198,0.66755,0.45422,2.76519,0.96154,0.000570536,0.000570536,0.000570536
11,329.275,0.65144,1.85845,1.07738,0.79963,0.68044,0.84988,0.75884,0.46724,2.43599,0.98793,0.000568596,0.000568596,0.000568596
12,358.785,0.65355,1.64434,1.06,0.78562,0.59472,0.77047,0.68843,0.49615,2.75433,0.97028,0.000566656,0.000566656,0.000566656
13,388.879,0.64367,1.5408,1.06969,0.72745,0.69261,0.85431,0.743,0.59932,2.87525,1.07396,0.000564715,0.000564715,0.000564715
14,417.908,0.61229,1.40781,1.08614,0.87817,0.79276,0.92045,0.80482,0.56424,2.48315,1.01618,0.000562775,0.000562775,0.000562775
15,446.928,0.61177,1.47558,1.01793,0.94621,0.79818,0.92272,0.84589,0.45203,2.14792,0.9706,0.000560834,0.000560834,0.000560834
16,476.448,0.64318,1.49919,1.10209,0.791,0.92502,0.94184,0.87509,0.4307,1.87133,0.98343,0.000558894,0.000558894,0.000558894
17,505.767,0.58561,1.37148,1.04117,0.87899,0.84114,0.91125,0.81523,0.50829,2.22817,1.02081,0.000556954,0.000556954,0.000556954
18,535.148,0.5934,1.3485,1.00917,0.92866,0.91231,0.9379,0.87513,0.40917,1.57549,0.95349,0.000555013,0.000555013,0.000555013
19,564.443,0.57662,1.26496,1.01294,0.89815,0.91409,0.96469,0.88582,0.42047,1.71136,0.94111,0.000553073,0.000553073,0.000553073
20,593.967,0.54484,1.23506,0.99298,0.92065,0.92372,0.98227,0.91735,0.39571,1.50157,0.91952,0.000551132,0.000551132,0.000551132
21,623.617,0.57443,1.17912,1.01271,0.98418,0.92784,0.9829,0.92253,0.38341,1.31417,0.90399,0.000549192,0.000549192,0.000549192
22,652.975,0.52885,1.11326,1.00145,0.91811,0.93089,0.98236,0.9135,0.42213,1.3334,0.9128,0.000547252,0.000547252,0.000547252
23,682.308,0.55599,1.21673,1.01092,0.9144,0.94232,0.98547,0.9089,0.3932,1.34837,0.89758,0.000545311,0.000545311,0.000545311
24,711.693,0.65181,1.23055,1.01477,0.83183,0.86107,0.93075,0.87537,0.34994,1.45649,0.87876,0.000543371,0.000543371,0.000543371
25,741.303,0.5837,1.08264,0.996,0.94598,0.90907,0.95855,0.88212,0.38162,1.35311,0.88656,0.00054143,0.00054143,0.00054143
26,770.714,0.60784,1.32901,1.01308,0.94235,0.89172,0.97062,0.90535,0.38708,1.27826,0.88223,0.00053949,0.00053949,0.00053949
27,799.981,0.56835,1.19537,1.00818,0.90017,0.88044,0.95629,0.89067,0.38696,1.28784,0.88168,0.00053755,0.00053755,0.00053755
28,829.317,0.54289,1.01804,0.99718,0.83529,0.8717,0.94799,0.88192,0.38353,1.40207,0.8808,0.000535609,0.000535609,0.000535609
29,858.663,0.57711,1.101,1.00148,0.88823,0.94981,0.96431,0.90968,0.35772,1.22957,0.87478,0.000533669,0.000533669,0.000533669
30,888.089,0.55619,1.11503,0.969,0.94428,0.88374,0.95112,0.8935,0.36134,1.18815,0.87618,0.000531728,0.000531728,0.000531728
31,917.628,0.53984,1.01166,0.97623,0.94763,0.92197,0.99321,0.92597,0.37792,1.14027,0.86518,0.000529788,0.000529788,0.000529788
32,946.843,0.56107,0.97876,0.98268,0.9576,0.92577,0.99194,0.94055,0.35017,1.07495,0.86125,0.000527848,0.000527848,0.000527848
33,976.223,0.54213,0.89141,0.96165,0.93059,0.95104,0.98917,0.93921,0.35122,0.9881,0.86607,0.000525907,0.000525907,0.000525907
34,1005.7,0.53946,0.94875,1.00734,0.94794,0.94817,0.9925,0.92218,0.39454,1.03594,0.87342,0.000523967,0.000523967,0.000523967
35,1034.76,0.54936,1.05966,0.99352,0.94871,0.97374,0.99317,0.93017,0.36456,0.95799,0.87145,0.000522026,0.000522026,0.000522026
36,1063.74,0.59255,1.01162,0.99821,0.96517,0.96446,0.99108,0.92229,0.38375,0.95455,0.88205,0.000520086,0.000520086,0.000520086
37,1092.95,0.53654,0.91987,0.96995,0.98626,0.91911,0.995,0.91112,0.41231,0.95921,0.89765,0.000518146,0.000518146,0.000518146
38,1122.09,0.51545,0.87415,0.93557,0.9875,0.99824,0.995,0.92063,0.39083,0.82492,0.87662,0.000516205,0.000516205,0.000516205
39,1151.33,0.56434,0.86058,0.99502,0.95476,0.98967,0.995,0.94788,0.3588,0.84508,0.86484,0.000514265,0.000514265,0.000514265
40,1182.5,0.5226,0.85658,0.95874,0.97706,0.96988,0.995,0.9394,0.38125,0.82743,0.87698,0.000512324,0.000512324,0.000512324
41,1212.13,0.55819,0.86496,0.99529,0.92082,1,0.995,0.93974,0.35885,0.82918,0.87001,0.000510384,0.000510384,0.000510384
42,1241.94,0.50374,0.79268,0.95385,0.97581,0.99292,0.995,0.93808,0.35272,0.80467,0.86386,0.000508444,0.000508444,0.000508444
43,1271.35,0.50253,0.84518,0.97484,0.9834,0.97048,0.995,0.94714,0.32929,0.78573,0.85946,0.000506503,0.000506503,0.000506503
44,1300.52,0.54347,0.81248,0.99429,0.95063,0.96934,0.9925,0.94537,0.34186,0.74619,0.86438,0.000504563,0.000504563,0.000504563
45,1330.35,0.51634,0.8028,0.95905,0.94409,0.94038,0.99179,0.93688,0.3378,0.77,0.86228,0.000502622,0.000502622,0.000502622
46,1360.04,0.62611,0.88264,1.08559,0.98489,0.97368,0.995,0.94407,0.34691,0.7145,0.86941,0.000500682,0.000500682,0.000500682
47,1389.55,0.5374,0.84862,0.96507,0.96354,0.97599,0.99153,0.93006,0.35508,0.76474,0.88121,0.000498742,0.000498742,0.000498742
48,1419.2,0.51361,0.94057,0.89901,0.94983,0.98105,0.98044,0.89028,0.45547,0.79161,0.90123,0.000496801,0.000496801,0.000496801
49,1448.51,0.67043,0.92953,1.11134,0.95946,0.97576,0.98451,0.92474,0.35529,0.75771,0.87022,0.000494861,0.000494861,0.000494861
50,1477.61,0.56131,0.83147,0.99067,0.97374,0.93957,0.98936,0.93471,0.36912,0.74169,0.86894,0.00049292,0.00049292,0.00049292
51,1506.56,0.51743,0.82828,0.96026,0.96646,0.97696,0.98811,0.93882,0.34291,0.69643,0.86268,0.00049098,0.00049098,0.00049098
52,1535.45,0.5263,0.76726,0.95568,0.92257,0.96858,0.98667,0.93848,0.33685,0.68391,0.8582,0.00048904,0.00048904,0.00048904
53,1565.17,0.51415,0.7191,0.94259,0.93653,0.96453,0.991,0.92507,0.37226,0.71723,0.86793,0.000487099,0.000487099,0.000487099
54,1594.64,0.58581,0.77189,1.00918,0.95155,0.98216,0.99125,0.95028,0.32368,0.66455,0.85608,0.000485159,0.000485159,0.000485159
55,1624.09,0.51544,0.76129,0.93371,0.96214,0.95038,0.991,0.92921,0.3628,0.66484,0.86616,0.000483218,0.000483218,0.000483218
56,1654.01,0.53947,0.75738,0.98362,0.94896,0.97917,0.9773,0.92585,0.32083,0.62607,0.85537,0.000481278,0.000481278,0.000481278
57,1684.27,0.52332,0.762,0.95036,0.9766,0.96918,0.98208,0.94096,0.32774,0.59661,0.85548,0.000479338,0.000479338,0.000479338
58,1714.28,0.4783,0.79894,0.96745,0.8987,0.96216,0.97809,0.92102,0.3693,0.77199,0.87178,0.000477397,0.000477397,0.000477397
59,1744.44,0.51471,0.68322,0.96721,0.95973,0.94171,0.9716,0.90551,0.37624,0.78442,0.87644,0.000475457,0.000475457,0.000475457
60,1773.81,0.48687,0.70461,0.97484,0.97623,0.95734,0.98742,0.93909,0.33709,0.65649,0.86517,0.000473516,0.000473516,0.000473516
61,1803.2,0.51613,0.65097,0.95532,0.98313,0.94514,0.99031,0.94515,0.31737,0.60746,0.86012,0.000471576,0.000471576,0.000471576
62,1832.61,0.47668,0.72322,0.95132,0.95672,0.94375,0.98413,0.94116,0.32163,0.68231,0.8574,0.000469636,0.000469636,0.000469636
63,1862.57,0.47009,0.66585,0.93713,0.97506,0.98194,0.98323,0.94394,0.32917,0.59506,0.85602,0.000467695,0.000467695,0.000467695
64,1893.11,0.51111,0.65293,0.96181,0.97185,0.98505,0.995,0.9467,0.31255,0.56644,0.8548,0.000465755,0.000465755,0.000465755
65,1923.9,0.4958,0.66924,0.96263,0.97337,0.99572,0.995,0.94236,0.3546,0.5606,0.86256,0.000463814,0.000463814,0.000463814
66,1954.25,0.47756,0.81418,0.89305,0.97785,0.98501,0.995,0.95212,0.33147,0.51622,0.85781,0.000461874,0.000461874,0.000461874
67,1985.3,0.53266,0.88958,0.98236,0.98036,0.98548,0.995,0.95098,0.32391,0.50974,0.8542,0.000459934,0.000459934,0.000459934
68,2016.3,0.53523,0.68478,0.99633,0.99219,1,0.995,0.94764,0.31991,0.50435,0.85618,0.000457993,0.000457993,0.000457993
69,2046.55,0.50745,0.67432,0.96269,0.99368,0.98998,0.995,0.93894,0.33904,0.48847,0.86321,0.000456053,0.000456053,0.000456053
70,2076.5,0.4754,0.59013,0.9406,0.96558,0.99055,0.995,0.95299,0.32258,0.49767,0.85828,0.000454112,0.000454112,0.000454112
71,2106.66,0.53398,0.72156,0.95185,0.97862,0.98039,0.995,0.96297,0.30255,0.49303,0.85411,0.000452172,0.000452172,0.000452172
72,2136.75,0.50774,0.62564,0.94941,0.97515,0.98004,0.995,0.95121,0.30342,0.4844,0.85459,0.000450232,0.000450232,0.000450232
73,2166.3,0.52778,0.67747,1.00027,0.96255,0.95683,0.995,0.95241,0.33772,0.53152,0.86499,0.000448291,0.000448291,0.000448291
74,2195.68,0.53299,0.58382,0.95516,0.93977,0.94363,0.98673,0.93551,0.34136,0.61526,0.86214,0.000446351,0.000446351,0.000446351
75,2226.48,0.57763,0.6803,0.99942,0.97682,0.92945,0.995,0.94349,0.34184,0.55161,0.86037,0.00044441,0.00044441,0.00044441
76,2256.62,0.50623,0.5815,0.9455,0.95301,0.987,0.99278,0.94204,0.34007,0.46883,0.86284,0.00044247,0.00044247,0.00044247
77,2286.01,0.46425,0.56315,0.94647,0.98787,0.99714,0.995,0.9528,0.3356,0.45115,0.86465,0.00044053,0.00044053,0.00044053
78,2315.32,0.4573,0.57005,0.93961,0.98651,1,0.995,0.94485,0.33774,0.41899,0.86024,0.000438589,0.000438589,0.000438589
79,2344.99,0.45014,0.5076,0.94487,0.98698,0.98848,0.995,0.95925,0.31565,0.41164,0.85351,0.000436649,0.000436649,0.000436649
80,2374.72,0.44962,0.52899,0.92378,0.99075,1,0.995,0.95371,0.33406,0.41663,0.85594,0.000434708,0.000434708,0.000434708
81,2404.47,0.48033,0.5942,0.94955,0.99182,0.9804,0.995,0.93292,0.34491,0.42731,0.85955,0.000432768,0.000432768,0.000432768
82,2433.9,0.44758,0.51236,0.91838,0.98645,0.97943,0.995,0.94534,0.34131,0.43827,0.86146,0.000430828,0.000430828,0.000430828
83,2463.82,0.45594,0.55946,0.91953,0.98968,0.99953,0.995,0.94443,0.34333,0.4306,0.85986,0.000428887,0.000428887,0.000428887
84,2493.42,0.48729,0.58277,0.95352,0.96987,0.99227,0.995,0.94945,0.33723,0.44663,0.85504,0.000426947,0.000426947,0.000426947
85,2523.29,0.49798,0.63209,0.98514,0.97032,0.98754,0.99133,0.95547,0.32374,0.41751,0.85503,0.000425006,0.000425006,0.000425006
86,2553.06,0.45145,0.54995,0.94858,0.97709,1,0.995,0.95312,0.32233,0.41697,0.8499,0.000423066,0.000423066,0.000423066
87,2583.61,0.49731,0.5404,0.94861,0.96723,0.98906,0.995,0.9575,0.31314,0.43962,0.84856,0.000421126,0.000421126,0.000421126
88,2613.15,0.44457,0.55918,0.9435,0.97801,1,0.995,0.9584,0.31056,0.39345,0.85054,0.000419185,0.000419185,0.000419185
89,2642.93,0.4161,0.49895,0.92426,0.98778,0.97704,0.995,0.95294,0.30372,0.40277,0.84812,0.000417245,0.000417245,0.000417245
90,2673.53,0.48913,0.5578,0.974,0.97297,0.96645,0.99375,0.95148,0.34203,0.46766,0.85701,0.000415304,0.000415304,0.000415304
91,2704.45,0.46488,0.51719,0.93508,0.97372,0.96791,0.9925,0.94202,0.33315,0.43914,0.86032,0.000413364,0.000413364,0.000413364
92,2734.62,0.47066,0.52164,0.92267,0.98997,0.98669,0.995,0.93593,0.33715,0.41115,0.86368,0.000411424,0.000411424,0.000411424
93,2765.03,0.4854,0.53835,0.92378,0.98362,0.99854,0.995,0.93531,0.33985,0.40408,0.85849,0.000409483,0.000409483,0.000409483
94,2794.76,0.45003,0.50633,0.94221,0.98979,0.98956,0.995,0.94209,0.32523,0.39082,0.85275,0.000407543,0.000407543,0.000407543
95,2824.85,0.46347,0.54937,0.93132,0.97821,0.98408,0.995,0.94143,0.34072,0.40716,0.86007,0.000405602,0.000405602,0.000405602
96,2854.98,0.44994,0.55142,0.92864,0.96397,0.96763,0.995,0.94435,0.33421,0.43315,0.85981,0.000403662,0.000403662,0.000403662
97,2884.52,0.47863,0.52111,0.93633,0.96362,0.98573,0.99375,0.93654,0.34191,0.41699,0.86105,0.000401722,0.000401722,0.000401722
98,2914.5,0.47224,0.48986,0.92442,0.98881,0.99244,0.995,0.94893,0.32918,0.37827,0.8542,0.000399781,0.000399781,0.000399781
99,2944.95,0.51027,0.51418,0.95033,0.96901,0.98188,0.995,0.93422,0.36823,0.39704,0.86225,0.000397841,0.000397841,0.000397841
100,2976.06,0.49505,0.4849,0.94017,0.99189,0.99621,0.995,0.94101,0.31476,0.36467,0.85336,0.0003959,0.0003959,0.0003959
101,3007.06,0.44492,0.51846,0.93595,0.99368,1,0.995,0.94006,0.33474,0.36916,0.85878,0.00039396,0.00039396,0.00039396
102,3037.9,0.45382,0.52577,0.91824,0.98983,0.98664,0.995,0.93963,0.33637,0.37762,0.85646,0.00039202,0.00039202,0.00039202
103,3067.99,0.43561,0.46397,0.90874,0.97654,0.98461,0.995,0.94442,0.3321,0.38738,0.85485,0.000390079,0.000390079,0.000390079
104,3097.63,0.45053,0.48393,0.92137,0.97297,0.96973,0.99153,0.94094,0.33901,0.40783,0.85884,0.000388139,0.000388139,0.000388139
105,3127.22,0.48355,0.51069,0.95918,0.95818,0.97256,0.99278,0.94699,0.31447,0.40696,0.85505,0.000386198,0.000386198,0.000386198
106,3157.6,0.46098,0.46355,0.93404,0.99005,0.98648,0.995,0.93017,0.3763,0.37924,0.86577,0.000384258,0.000384258,0.000384258
107,3187.88,0.45902,0.58763,0.9437,0.98186,0.99732,0.995,0.94897,0.3323,0.3565,0.85527,0.000382318,0.000382318,0.000382318
108,3219.13,0.49351,0.48715,0.98384,0.98835,0.97965,0.995,0.93633,0.34753,0.36515,0.85719,0.000380377,0.000380377,0.000380377
109,3249.35,0.52242,0.58908,0.94426,0.97442,0.96715,0.99278,0.92221,0.3805,0.37829,0.8679,0.000378437,0.000378437,0.000378437
110,3279.95,0.45175,0.44879,0.94846,0.98794,0.98508,0.995,0.92541,0.37636,0.34963,0.87368,0.000376496,0.000376496,0.000376496
111,3310.01,0.44382,0.45434,0.93947,0.98658,0.98405,0.995,0.93236,0.35581,0.35007,0.86924,0.000374556,0.000374556,0.000374556
112,3341.18,0.42749,0.45945,0.92298,0.9831,0.9937,0.995,0.93634,0.34367,0.34992,0.85744,0.000372616,0.000372616,0.000372616
113,3372.07,0.43609,0.44099,0.91251,0.98756,0.99656,0.995,0.94787,0.33719,0.33731,0.85796,0.000370675,0.000370675,0.000370675
114,3403.29,0.4467,0.44177,0.91063,0.98919,0.99036,0.995,0.9436,0.34609,0.33397,0.86338,0.000368735,0.000368735,0.000368735
115,3433.11,0.43873,0.45746,0.9304,0.98894,1,0.995,0.93416,0.35771,0.33135,0.8643,0.000366794,0.000366794,0.000366794
116,3463.51,0.41429,0.43408,0.91495,0.99027,1,0.995,0.94745,0.34344,0.33246,0.86303,0.000364854,0.000364854,0.000364854
117,3493.83,0.43152,0.44017,0.91277,0.98631,0.9959,0.995,0.95025,0.33695,0.33929,0.8589,0.000362914,0.000362914,0.000362914
118,3523.57,0.49277,0.47234,0.97253,0.97313,0.98485,0.98912,0.92113,0.36517,0.38872,0.86553,0.000360973,0.000360973,0.000360973
119,3553.61,0.38953,0.40426,0.91589,0.97102,0.98247,0.995,0.95756,0.31182,0.36185,0.8512,0.000359033,0.000359033,0.000359033
120,3584.63,0.43772,0.44775,0.93943,0.96891,0.9754,0.995,0.94895,0.33196,0.37717,0.85389,0.000357092,0.000357092,0.000357092
121,3614.39,0.4538,0.63135,0.94015,0.96849,0.95774,0.99278,0.95654,0.32969,0.39034,0.85554,0.000355152,0.000355152,0.000355152
122,3644.3,0.41305,0.49558,0.93341,0.96037,0.95835,0.99269,0.9499,0.32096,0.40894,0.85641,0.000353212,0.000353212,0.000353212
123,3674.62,0.46122,0.46231,0.94824,0.97617,0.93917,0.98638,0.94898,0.31837,0.39115,0.85068,0.000351271,0.000351271,0.000351271
124,3705.25,0.44904,0.52011,0.94608,0.98853,0.94737,0.99028,0.94743,0.31471,0.35377,0.85032,0.000349331,0.000349331,0.000349331
125,3735.13,0.4626,0.50561,0.93545,0.96744,0.97446,0.9869,0.94312,0.31574,0.3648,0.85174,0.00034739,0.00034739,0.00034739
126,3765.29,0.42665,0.42479,0.90455,0.97503,0.98485,0.97128,0.9296,0.33162,0.38086,0.85483,0.00034545,0.00034545,0.00034545
127,3795.55,0.42057,0.46463,0.93829,0.97187,0.95146,0.97214,0.93889,0.30743,0.39942,0.85095,0.00034351,0.00034351,0.00034351
128,3826.14,0.41123,0.40793,0.93795,0.97173,0.97236,0.96847,0.91875,0.33545,0.38908,0.85466,0.000341569,0.000341569,0.000341569
129,3856.88,0.39023,0.40438,0.90665,0.97422,0.98334,0.97489,0.93534,0.31634,0.36503,0.85059,0.000339629,0.000339629,0.000339629
130,3887.83,0.41015,0.39766,0.93285,0.97494,0.9839,0.99278,0.95479,0.31323,0.34682,0.84841,0.000337688,0.000337688,0.000337688
131,3917.76,0.4003,0.4302,0.91229,0.97347,0.97787,0.99278,0.94399,0.34543,0.32949,0.85947,0.000335748,0.000335748,0.000335748
132,3947.67,0.39174,0.39679,0.89667,0.98542,1,0.995,0.95728,0.31796,0.30632,0.84827,0.000333808,0.000333808,0.000333808
133,3977.5,0.40332,0.38605,0.91748,0.9899,1,0.995,0.95135,0.31347,0.30744,0.84568,0.000331867,0.000331867,0.000331867
134,4007.37,0.39237,0.37671,0.90487,0.98257,0.99405,0.995,0.96388,0.32069,0.30318,0.84832,0.000329927,0.000329927,0.000329927
135,4037.8,0.42593,0.40043,0.91431,0.9812,0.98803,0.995,0.96425,0.30547,0.30538,0.84658,0.000327986,0.000327986,0.000327986
136,4067.93,0.38259,0.39293,0.90462,0.96985,0.98745,0.99278,0.94281,0.32508,0.33483,0.85311,0.000326046,0.000326046,0.000326046
137,4097.74,0.44856,0.46827,0.9439,0.97199,0.96703,0.98912,0.94602,0.32247,0.32992,0.85525,0.000324106,0.000324106,0.000324106
138,4127.71,0.41847,0.41909,0.92763,0.97054,0.95395,0.97828,0.93943,0.30875,0.34413,0.85334,0.000322165,0.000322165,0.000322165
139,4157.46,0.41443,0.40704,0.91718,0.97011,0.96998,0.98121,0.93988,0.31082,0.33226,0.85256,0.000320225,0.000320225,0.000320225
140,4187.96,0.38295,0.41583,0.92513,0.96751,0.98091,0.9788,0.94039,0.32525,0.32587,0.85378,0.000318284,0.000318284,0.000318284
141,4217.95,0.40875,0.39333,0.89754,0.97517,0.98485,0.97532,0.93846,0.31766,0.33902,0.84886,0.000316344,0.000316344,0.000316344
142,4248.17,0.365,0.36561,0.87959,0.97375,0.98602,0.97889,0.94525,0.30756,0.32984,0.84744,0.000314404,0.000314404,0.000314404
143,4277.15,0.3957,0.35676,0.90873,0.97474,0.98609,0.98574,0.92995,0.35148,0.32245,0.86031,0.000312463,0.000312463,0.000312463
144,4306.01,0.43688,0.40337,0.92353,0.97757,0.98706,0.995,0.9435,0.31683,0.27753,0.8525,0.000310523,0.000310523,0.000310523
145,4336.43,0.39888,0.38496,0.91864,0.98829,0.98618,0.995,0.93615,0.32649,0.28831,0.85437,0.000308582,0.000308582,0.000308582
146,4367.17,0.52637,0.40707,0.98554,0.99106,0.97249,0.995,0.95138,0.33069,0.31034,0.85705,0.000306642,0.000306642,0.000306642
147,4396.38,0.40822,0.39396,0.91423,0.98929,0.97108,0.995,0.94745,0.32771,0.29773,0.86103,0.000304702,0.000304702,0.000304702
148,4425.65,0.36985,0.34718,0.88563,0.97909,0.97256,0.995,0.94528,0.35423,0.29428,0.87186,0.000302761,0.000302761,0.000302761
149,4454.9,0.40854,0.41529,0.91537,0.98042,1,0.995,0.94785,0.3377,0.27617,0.86054,0.000300821,0.000300821,0.000300821
150,4484.19,0.35185,0.37551,0.84286,0.9892,0.97197,0.995,0.94666,0.3329,0.30525,0.85464,0.00029888,0.00029888,0.00029888
151,4513.07,0.45321,0.40154,0.94151,0.98932,0.97229,0.995,0.94187,0.3338,0.3088,0.85597,0.00029694,0.00029694,0.00029694
152,4542.13,0.38763,0.35496,0.90836,0.98661,0.97948,0.995,0.94562,0.32065,0.2884,0.8533,0.000295,0.000295,0.000295
153,4571.07,0.39346,0.37578,0.89931,0.99017,0.97534,0.995,0.94601,0.32355,0.28844,0.85646,0.000293059,0.000293059,0.000293059
154,4600.31,0.41861,0.38308,0.92977,0.9792,0.961,0.995,0.9385,0.33892,0.32316,0.85706,0.000291119,0.000291119,0.000291119
155,4629.32,0.39575,0.39531,0.91606,0.97745,0.95907,0.995,0.93527,0.34467,0.32315,0.86271,0.000289178,0.000289178,0.000289178
156,4658.77,0.40794,0.41187,0.91913,0.98722,0.99778,0.995,0.94052,0.34718,0.27127,0.86702,0.000287238,0.000287238,0.000287238
157,4688.04,0.37751,0.35858,0.90732,0.99053,0.99849,0.995,0.94681,0.33729,0.2701,0.86453,0.000285298,0.000285298,0.000285298
158,4717.05,0.36785,0.35557,0.91083,0.99345,1,0.995,0.93648,0.34693,0.2767,0.87456,0.000283357,0.000283357,0.000283357
159,4746.1,0.35923,0.35545,0.89888,0.994,1,0.995,0.93619,0.35162,0.2738,0.87635,0.000281417,0.000281417,0.000281417
160,4775.07,0.49041,0.42274,0.9632,0.99341,1,0.995,0.93508,0.36308,0.26944,0.87996,0.000279476,0.000279476,0.000279476
161,4804.69,0.38133,0.34491,0.90177,0.9821,0.97865,0.995,0.93579,0.35916,0.27171,0.87415,0.000277536,0.000277536,0.000277536
162,4834.78,0.40228,0.36797,0.8817,0.99111,0.96275,0.995,0.93777,0.3514,0.27227,0.8616,0.000275596,0.000275596,0.000275596
163,4865.36,0.39083,0.36976,0.89811,0.96688,1,0.995,0.94307,0.3402,0.27724,0.85837,0.000273655,0.000273655,0.000273655
164,4894.87,0.37784,0.4198,0.89745,0.9907,1,0.995,0.94818,0.32714,0.26455,0.85607,0.000271715,0.000271715,0.000271715
165,4924.4,0.53037,0.62022,1.06985,0.98172,1,0.995,0.95669,0.31268,0.26301,0.84833,0.000269774,0.000269774,0.000269774
166,4953.9,0.39478,0.38701,0.92276,0.98011,0.99738,0.995,0.9483,0.32619,0.26878,0.85189,0.000267834,0.000267834,0.000267834
167,4983.24,0.50123,0.36834,1.02046,0.99141,1,0.995,0.95071,0.34024,0.26776,0.85714,0.000265894,0.000265894,0.000265894
168,5012.14,0.40724,0.36868,0.89887,0.99309,1,0.995,0.94431,0.34983,0.25929,0.85987,0.000263953,0.000263953,0.000263953
169,5041.6,0.40719,0.37436,0.91016,0.99399,1,0.995,0.94712,0.3217,0.25663,0.85607,0.000262013,0.000262013,0.000262013
170,5071.13,0.34732,0.33818,0.88761,0.99421,1,0.995,0.94456,0.32385,0.24719,0.85803,0.000260072,0.000260072,0.000260072
171,5100.66,0.34952,0.35428,0.83982,0.9942,1,0.995,0.94612,0.32561,0.2533,0.85755,0.000258132,0.000258132,0.000258132
172,5130.37,0.39211,0.45645,0.9048,0.99335,1,0.995,0.94548,0.32056,0.25937,0.85575,0.000256192,0.000256192,0.000256192
173,5160.41,0.39165,0.3715,0.90827,0.99182,1,0.995,0.93758,0.33534,0.26224,0.8603,0.000254251,0.000254251,0.000254251
174,5190.19,0.39451,0.36911,0.90642,0.9938,1,0.995,0.9357,0.34275,0.25618,0.86491,0.000252311,0.000252311,0.000252311
175,5219.89,0.41082,0.35768,0.93223,0.99241,0.98674,0.995,0.94633,0.32783,0.25314,0.85843,0.00025037,0.00025037,0.00025037
176,5249.24,0.36853,0.33869,0.91513,0.99061,0.97618,0.995,0.94893,0.3224,0.26206,0.85116,0.00024843,0.00024843,0.00024843
177,5278.81,0.33924,0.35957,0.84261,0.97872,0.99086,0.995,0.94013,0.3415,0.25566,0.85666,0.00024649,0.00024649,0.00024649
178,5308.27,0.3701,0.34067,0.90169,0.98539,0.99819,0.995,0.94235,0.34674,0.25196,0.86305,0.000244549,0.000244549,0.000244549
179,5337.82,0.35986,0.32993,0.87875,0.9925,1,0.995,0.9421,0.33443,0.24623,0.85925,0.000242609,0.000242609,0.000242609
180,5367.5,0.34258,0.34729,0.88814,0.99228,0.99782,0.995,0.94953,0.32498,0.24046,0.85089,0.000240668,0.000240668,0.000240668
181,5397.02,0.34057,0.41141,0.89857,0.99283,0.9919,0.995,0.9556,0.32695,0.24055,0.85128,0.000238728,0.000238728,0.000238728
182,5426.33,0.34103,0.32289,0.89182,0.99141,1,0.995,0.95249,0.33693,0.24559,0.85581,0.000236788,0.000236788,0.000236788
183,5455.87,0.37129,0.34302,0.90313,0.98968,1,0.995,0.94739,0.32492,0.23813,0.85538,0.000234847,0.000234847,0.000234847
184,5485.4,0.35927,0.36276,0.90489,0.98447,1,0.995,0.94922,0.33829,0.25124,0.85942,0.000232907,0.000232907,0.000232907
185,5514.78,0.37398,0.33408,0.88759,0.98098,0.99584,0.995,0.9505,0.339,0.24994,0.86087,0.000230966,0.000230966,0.000230966
186,5544.1,0.36679,0.36264,0.91786,0.98537,0.99849,0.995,0.95391,0.32767,0.25654,0.86048,0.000229026,0.000229026,0.000229026
187,5573.12,0.35884,0.33744,0.90897,0.98879,0.99596,0.995,0.95705,0.32617,0.23922,0.86151,0.000227086,0.000227086,0.000227086
188,5602.47,0.36012,0.30846,0.90018,0.99309,1,0.995,0.96576,0.30648,0.23195,0.85503,0.000225145,0.000225145,0.000225145
189,5631.8,0.34709,0.34706,0.87141,0.9931,1,0.995,0.96237,0.30846,0.23536,0.85767,0.000223205,0.000223205,0.000223205
190,5661.3,0.34328,0.33038,0.84282,0.99073,1,0.995,0.95805,0.31182,0.24004,0.85446,0.000221264,0.000221264,0.000221264
191,5690.65,0.35522,0.34487,0.8905,0.98922,0.99654,0.995,0.9654,0.30961,0.24213,0.85002,0.000219324,0.000219324,0.000219324
192,5720.09,0.39213,0.31762,0.91623,0.98819,0.98348,0.995,0.95453,0.32841,0.24922,0.8549,0.000217384,0.000217384,0.000217384
193,5749.66,0.31743,0.29498,0.87208,0.98687,0.98196,0.995,0.9522,0.33313,0.25758,0.85937,0.000215443,0.000215443,0.000215443
194,5779.06,0.35646,0.30521,0.89333,0.98469,0.98653,0.995,0.94969,0.3372,0.2555,0.85988,0.000213503,0.000213503,0.000213503
195,5808.32,0.39158,0.33479,0.91799,0.98998,0.98624,0.995,0.94434,0.34175,0.26178,0.85914,0.000211562,0.000211562,0.000211562
196,5837.65,0.32,0.30629,0.87384,0.98739,0.99116,0.995,0.96095,0.31531,0.23578,0.84881,0.000209622,0.000209622,0.000209622
197,5867.06,0.39593,0.47634,0.90317,0.98865,0.99889,0.995,0.95651,0.31922,0.23132,0.84762,0.000207682,0.000207682,0.000207682
198,5896.6,0.34746,0.29668,0.89471,0.99176,1,0.995,0.95893,0.31272,0.22378,0.84824,0.000205741,0.000205741,0.000205741
199,5926.33,0.35137,0.35264,0.90312,0.99106,0.99674,0.995,0.95305,0.31889,0.23135,0.85084,0.000203801,0.000203801,0.000203801
200,5955.82,0.35159,0.34379,0.89749,0.99075,0.98693,0.995,0.944,0.35892,0.24921,0.86314,0.00020186,0.00020186,0.00020186
201,5985.41,0.32627,0.36129,0.87461,0.98846,0.98721,0.995,0.96113,0.33037,0.24693,0.8547,0.00019992,0.00019992,0.00019992
202,6015.52,0.34686,0.30764,0.89277,0.98915,0.98758,0.995,0.95789,0.32824,0.24215,0.85328,0.00019798,0.00019798,0.00019798
203,6045.09,0.34046,0.29351,0.8957,0.98663,0.98552,0.995,0.95047,0.33604,0.24305,0.8572,0.000196039,0.000196039,0.000196039
204,6074.37,0.33059,0.40793,0.88299,0.98188,0.98294,0.995,0.94816,0.34348,0.27217,0.86137,0.000194099,0.000194099,0.000194099
205,6103.98,0.35765,0.33605,0.89196,0.98174,0.98068,0.995,0.94373,0.3416,0.2692,0.86379,0.000192158,0.000192158,0.000192158
206,6133.52,0.33864,0.30787,0.87355,0.98281,0.9834,0.995,0.95243,0.33665,0.2537,0.8631,0.000190218,0.000190218,0.000190218
207,6163.33,0.32472,0.33088,0.88416,0.98021,0.98299,0.995,0.94866,0.33646,0.25865,0.8602,0.000188278,0.000188278,0.000188278
208,6192.75,0.38574,0.36876,0.90465,0.98329,0.98412,0.995,0.95517,0.32599,0.25926,0.85675,0.000186337,0.000186337,0.000186337
209,6222.01,0.35061,0.31162,0.89825,0.98476,0.98606,0.995,0.95138,0.33734,0.25147,0.8613,0.000184397,0.000184397,0.000184397
210,6251.48,0.35023,0.31426,0.90913,0.99094,0.98894,0.995,0.94438,0.3445,0.24331,0.86606,0.000182456,0.000182456,0.000182456
211,6281.05,0.34476,0.30145,0.89139,0.99177,0.99068,0.995,0.94529,0.32836,0.23557,0.8618,0.000180516,0.000180516,0.000180516
212,6310.64,0.3307,0.31417,0.88634,0.99316,0.98757,0.995,0.94306,0.35075,0.23067,0.87142,0.000178576,0.000178576,0.000178576
213,6340.06,0.36785,0.38533,0.89594,0.99101,0.9857,0.995,0.93965,0.35643,0.25458,0.87466,0.000176635,0.000176635,0.000176635
214,6369.6,0.37924,0.33799,0.9186,0.98183,0.97625,0.995,0.94358,0.34837,0.2611,0.87272,0.000174695,0.000174695,0.000174695
215,6399.14,0.31264,0.29851,0.88053,0.98111,0.97329,0.995,0.94259,0.3576,0.27548,0.87315,0.000172754,0.000172754,0.000172754
216,6428.63,0.32575,0.30028,0.89878,0.98879,0.97188,0.995,0.94071,0.36561,0.27216,0.87707,0.000170814,0.000170814,0.000170814
217,6458.17,0.33056,0.29656,0.88808,0.98622,0.98312,0.995,0.953,0.35524,0.26187,0.87231,0.000168874,0.000168874,0.000168874
218,6487.48,0.3088,0.27681,0.86669,0.98938,0.98536,0.995,0.9521,0.35415,0.26487,0.87275,0.000166933,0.000166933,0.000166933
219,6517.02,0.34308,0.31153,0.88349,0.99028,0.98566,0.995,0.95605,0.3421,0.26034,0.87065,0.000164993,0.000164993,0.000164993
220,6546.22,0.32388,0.28966,0.8932,0.98574,0.98375,0.995,0.95151,0.3332,0.26847,0.86582,0.000163052,0.000163052,0.000163052
221,6575.66,0.29191,0.30332,0.82539,0.97512,0.98485,0.99375,0.94883,0.33461,0.26769,0.86317,0.000161112,0.000161112,0.000161112
222,6605.01,0.34104,0.30696,0.8863,0.97503,0.98485,0.99375,0.94523,0.33337,0.27727,0.86115,0.000159172,0.000159172,0.000159172
223,6634.38,0.34347,0.28482,0.8923,0.9745,0.98485,0.99375,0.95087,0.32747,0.27163,0.85821,0.000157231,0.000157231,0.000157231
224,6663.98,0.32386,0.31041,0.89032,0.97303,0.98485,0.99375,0.9549,0.32475,0.27003,0.86034,0.000155291,0.000155291,0.000155291
225,6693.18,0.33062,0.28473,0.8975,0.97517,0.98485,0.99269,0.95387,0.32927,0.27385,0.865,0.00015335,0.00015335,0.00015335
226,6722.36,0.35184,0.29681,0.87912,0.97534,0.98619,0.995,0.94351,0.34731,0.26415,0.87332,0.00015141,0.00015141,0.00015141
227,6751.67,0.30139,0.27083,0.88492,0.97762,0.98562,0.995,0.94675,0.34166,0.26666,0.87027,0.00014947,0.00014947,0.00014947
228,6782.55,0.34394,0.31428,0.88421,0.97704,0.98485,0.99375,0.94425,0.35303,0.27535,0.87291,0.000147529,0.000147529,0.000147529
229,6813.27,0.33526,0.28942,0.88255,0.97656,0.98485,0.99375,0.94636,0.34252,0.27424,0.8696,0.000145589,0.000145589,0.000145589
230,6843.21,0.32108,0.27891,0.87765,0.97628,0.98485,0.99269,0.94814,0.3254,0.2739,0.85891,0.000143648,0.000143648,0.000143648
231,6872.9,0.30825,0.27325,0.88348,0.97511,0.98485,0.99047,0.95002,0.32951,0.28051,0.85873,0.000141708,0.000141708,0.000141708
232,6902.36,0.28907,0.40693,0.80799,0.97472,0.98485,0.99269,0.94569,0.32688,0.28468,0.85643,0.000139768,0.000139768,0.000139768
233,6932.46,0.31172,0.27912,0.88965,0.97436,0.98485,0.99179,0.94338,0.33329,0.28487,0.86043,0.000137827,0.000137827,0.000137827
234,6962.58,0.30547,0.2858,0.895,0.97501,0.98485,0.98716,0.94379,0.32372,0.27789,0.85803,0.000135887,0.000135887,0.000135887
235,6992.4,0.3097,0.34417,0.87827,0.97518,0.98485,0.98493,0.9447,0.32723,0.27609,0.85973,0.000133946,0.000133946,0.000133946
236,7023.26,0.35828,0.30241,0.88931,0.97452,0.98485,0.98121,0.93998,0.33885,0.28536,0.86199,0.000132006,0.000132006,0.000132006
237,7052.95,0.32537,0.37798,0.89035,0.97515,0.98485,0.98912,0.94625,0.33104,0.27783,0.86177,0.000130066,0.000130066,0.000130066
238,7082.8,0.28172,0.26754,0.86365,0.97561,0.98485,0.99375,0.95462,0.32883,0.28053,0.86183,0.000128125,0.000128125,0.000128125
239,7112.5,0.35007,0.29212,0.90785,0.97592,0.98626,0.995,0.94851,0.3419,0.2894,0.86666,0.000126185,0.000126185,0.000126185
240,7143.61,0.30845,0.29828,0.87586,0.97603,0.98625,0.995,0.95331,0.32622,0.2725,0.86296,0.000124244,0.000124244,0.000124244
241,7178.38,0.27085,0.26673,0.86357,0.97605,0.98594,0.99278,0.95527,0.32182,0.27834,0.86208,0.000122304,0.000122304,0.000122304
242,7213.99,0.35867,0.32206,0.91721,0.97431,0.98539,0.99278,0.95119,0.32815,0.27812,0.86488,0.000120364,0.000120364,0.000120364
243,7248.02,0.30447,0.27082,0.88078,0.97227,0.98484,0.98574,0.94577,0.33377,0.28049,0.86753,0.000118423,0.000118423,0.000118423
244,7282.31,0.30744,0.26513,0.85435,0.97289,0.98497,0.99037,0.9469,0.33058,0.28288,0.86691,0.000116483,0.000116483,0.000116483
245,7316.56,0.3221,0.28059,0.87391,0.97366,0.98504,0.98815,0.9527,0.33161,0.28491,0.86648,0.000114542,0.000114542,0.000114542
246,7350.61,0.31998,0.27259,0.89346,0.97556,0.98485,0.98806,0.94107,0.34691,0.28223,0.87002,0.000112602,0.000112602,0.000112602
247,7383.28,0.31335,0.29165,0.88222,0.97583,0.98485,0.99269,0.94997,0.34943,0.27858,0.86907,0.000110662,0.000110662,0.000110662
248,7416.61,0.33301,0.32818,0.90704,0.97586,0.98485,0.99269,0.95016,0.33295,0.26849,0.86647,0.000108721,0.000108721,0.000108721
249,7450.9,0.29308,0.28349,0.85089,0.97588,0.98485,0.99269,0.95364,0.32526,0.26735,0.86549,0.000106781,0.000106781,0.000106781
250,7485.26,0.29285,0.26183,0.87363,0.9755,0.98485,0.99269,0.95587,0.32433,0.26022,0.86394,0.00010484,0.00010484,0.00010484
251,7519.03,0.28927,0.26487,0.87528,0.97583,0.98485,0.99047,0.95337,0.3244,0.26029,0.86343,0.0001029,0.0001029,0.0001029
252,7552.71,0.28003,0.27494,0.88074,0.97711,0.98485,0.99375,0.95231,0.32756,0.25497,0.86436,0.00010096,0.00010096,0.00010096
253,7586.9,0.30941,0.26598,0.8796,0.9773,0.98485,0.99375,0.94786,0.33259,0.25418,0.86612,9.90192e-05,9.90192e-05,9.90192e-05
254,7620.94,0.33849,0.25928,0.91344,0.98405,0.98573,0.995,0.95573,0.32482,0.24321,0.86388,9.70788e-05,9.70788e-05,9.70788e-05
255,7653.2,0.39086,0.59483,0.93073,0.99023,0.98574,0.995,0.95498,0.31791,0.23493,0.86322,9.51384e-05,9.51384e-05,9.51384e-05
256,7687.14,0.35373,0.28212,0.93652,0.99195,0.9858,0.995,0.95894,0.3216,0.24326,0.86517,9.3198e-05,9.3198e-05,9.3198e-05
257,7720.56,0.3164,0.28561,0.86758,0.99213,0.98581,0.995,0.95581,0.32637,0.24735,0.86587,9.12576e-05,9.12576e-05,9.12576e-05
258,7752.2,0.28199,0.2694,0.85749,0.99224,0.98583,0.995,0.95393,0.31912,0.24198,0.86239,8.93172e-05,8.93172e-05,8.93172e-05
259,7784.98,0.27149,0.25083,0.85377,0.99147,0.98584,0.995,0.95599,0.31954,0.23704,0.86275,8.73768e-05,8.73768e-05,8.73768e-05
260,7818.88,0.3196,0.26124,0.89178,0.97851,0.98575,0.995,0.95636,0.32954,0.25274,0.86552,8.54364e-05,8.54364e-05,8.54364e-05
261,7852.28,0.34646,0.27357,0.91465,0.97801,0.98566,0.995,0.95654,0.32495,0.25638,0.86408,8.3496e-05,8.3496e-05,8.3496e-05
262,7885.2,0.30137,0.26347,0.87141,0.97611,0.98485,0.99375,0.95599,0.32424,0.25715,0.86314,8.15556e-05,8.15556e-05,8.15556e-05
263,7917.62,0.32313,0.28373,0.89527,0.97535,0.98485,0.99375,0.95443,0.33163,0.26859,0.86442,7.96152e-05,7.96152e-05,7.96152e-05
264,7951.47,0.27609,0.25694,0.86107,0.97551,0.98485,0.99153,0.95437,0.33813,0.27189,0.86697,7.76748e-05,7.76748e-05,7.76748e-05
265,7985.5,0.3278,0.37666,0.88333,0.97539,0.98485,0.98912,0.95204,0.3305,0.26518,0.86542,7.57344e-05,7.57344e-05,7.57344e-05
266,8020.51,0.30996,0.28254,0.87316,0.97492,0.98485,0.98343,0.94844,0.32872,0.26516,0.86511,7.3794e-05,7.3794e-05,7.3794e-05
267,8055.5,0.3055,0.25973,0.88521,0.97462,0.98485,0.98343,0.94499,0.32815,0.26544,0.86375,7.18536e-05,7.18536e-05,7.18536e-05
268,8090.3,0.28783,0.25583,0.87327,0.97441,0.98485,0.9742,0.93209,0.33162,0.28011,0.86363,6.99132e-05,6.99132e-05,6.99132e-05
269,8124.02,0.28737,0.25573,0.8639,0.97495,0.98485,0.97764,0.93454,0.33253,0.27056,0.8639,6.79728e-05,6.79728e-05,6.79728e-05
270,8158.46,0.28556,0.25141,0.86247,0.97488,0.98485,0.97764,0.93517,0.33372,0.26758,0.86457,6.60324e-05,6.60324e-05,6.60324e-05
271,8192.14,0.26449,0.23313,0.82767,0.97498,0.98485,0.96978,0.92768,0.3373,0.28173,0.86497,6.4092e-05,6.4092e-05,6.4092e-05
272,8226.41,0.30062,0.26798,0.87511,0.97539,0.98485,0.97764,0.93619,0.34396,0.27358,0.8666,6.21516e-05,6.21516e-05,6.21516e-05
273,8261.06,0.29702,0.24864,0.87912,0.97529,0.98485,0.97658,0.93427,0.34437,0.27334,0.86703,6.02112e-05,6.02112e-05,6.02112e-05
274,8296.25,0.27718,0.26842,0.86795,0.975,0.98485,0.97986,0.94053,0.34248,0.27648,0.86749,5.82708e-05,5.82708e-05,5.82708e-05
275,8329.51,0.29114,0.27515,0.87218,0.9752,0.98485,0.97986,0.93982,0.33849,0.27184,0.86734,5.63304e-05,5.63304e-05,5.63304e-05
276,8362.57,0.27808,0.23885,0.86623,0.97598,0.98603,0.98352,0.94191,0.33492,0.26357,0.86621,5.439e-05,5.439e-05,5.439e-05
277,8395.64,0.31523,0.28463,0.90539,0.97529,0.98621,0.98352,0.94642,0.32947,0.26163,0.86439,5.24496e-05,5.24496e-05,5.24496e-05
278,8428.6,0.29449,0.27269,0.88002,0.97474,0.98578,0.98352,0.94757,0.32479,0.25993,0.86296,5.05092e-05,5.05092e-05,5.05092e-05
279,8461.72,0.31834,0.30148,0.87602,0.97505,0.98583,0.98574,0.94822,0.3263,0.26277,0.86231,4.85688e-05,4.85688e-05,4.85688e-05
280,8497.19,0.30795,0.26816,0.876,0.97385,0.98508,0.98815,0.94811,0.32792,0.26376,0.86309,4.66284e-05,4.66284e-05,4.66284e-05
281,8532.96,0.29569,0.27044,0.8832,0.97247,0.98491,0.98352,0.9425,0.32533,0.26481,0.86181,4.4688e-05,4.4688e-05,4.4688e-05
282,8568.96,0.27878,0.26371,0.86607,0.97385,0.98521,0.98574,0.94613,0.32245,0.25975,0.86184,4.27476e-05,4.27476e-05,4.27476e-05
283,8604.25,0.28874,0.27768,0.89105,0.97366,0.98523,0.98574,0.94569,0.32523,0.26365,0.86285,4.08072e-05,4.08072e-05,4.08072e-05
284,8638.7,0.3042,0.27178,0.88046,0.97488,0.98485,0.98449,0.94369,0.33712,0.26241,0.86879,3.88668e-05,3.88668e-05,3.88668e-05
285,8671.54,0.24719,0.23569,0.87193,0.97536,0.98485,0.98343,0.94077,0.33357,0.26153,0.8664,3.69264e-05,3.69264e-05,3.69264e-05
286,8705.24,0.29141,0.27665,0.87812,0.97533,0.98485,0.98493,0.94255,0.32823,0.25701,0.86545,3.4986e-05,3.4986e-05,3.4986e-05
287,8739.79,0.28096,0.23964,0.8784,0.97483,0.98485,0.98716,0.94266,0.32462,0.25586,0.86436,3.30456e-05,3.30456e-05,3.30456e-05
288,8774.15,0.27268,0.23725,0.88404,0.97387,0.98515,0.99278,0.9529,0.32326,0.2553,0.86338,3.11052e-05,3.11052e-05,3.11052e-05
